DrugId,DrugName,ApprovalYear,Type,Company,Indication
D0,DrugD,2005,Biologic,Bayer,Diabetes
D1,DrugD,2013,Small Molecule,Roche,Diabetes
D2,DrugC,2008,Biologic,Merck,Hypertension
D3,DrugB,2016,Small Molecule,Novartis,Cancer
D4,DrugE,2006,Small Molecule,Pfizer,Cancer
D5,DrugB,2008,Small Molecule,Roche,Cancer
D6,DrugC,2014,Small Molecule,Roche,Asthma
D7,DrugC,2009,Small Molecule,Novartis,Diabetes
D8,DrugE,2013,Small Molecule,Merck,Hypertension
D9,DrugB,2015,Biologic,Pfizer,Hypertension
D10,DrugC,2001,Small Molecule,Merck,Hypertension
D11,DrugA,2003,Small Molecule,Novartis,Cancer
D12,DrugD,2020,Small Molecule,Pfizer,Cancer
D13,DrugB,2014,Small Molecule,Bayer,Hypertension
D14,DrugE,2010,Biologic,Merck,Diabetes
D15,DrugC,2020,Small Molecule,Bayer,Hypertension
D16,DrugC,2010,Biologic,Pfizer,Diabetes
D17,DrugC,2022,Biologic,Novartis,Hypertension
D18,DrugD,2023,Small Molecule,Bayer,Diabetes
D19,DrugB,2012,Biologic,Bayer,Hypertension
D20,DrugC,2015,Biologic,Roche,Asthma
D21,DrugD,2008,Small Molecule,Pfizer,Asthma
D22,DrugA,2020,Small Molecule,Novartis,Cancer
D23,DrugB,2001,Biologic,Roche,Cancer
D24,DrugE,2001,Biologic,Merck,Cancer
D25,DrugB,2004,Biologic,Novartis,Cancer
D26,DrugC,2004,Biologic,Roche,Hypertension
D27,DrugE,2004,Biologic,Merck,Asthma
D28,DrugB,2013,Small Molecule,Novartis,Cancer
D29,DrugE,2005,Small Molecule,Roche,Diabetes
D30,DrugB,2015,Small Molecule,Novartis,Diabetes
D31,DrugA,2015,Biologic,Bayer,Cancer
D32,DrugA,2007,Biologic,Roche,Cancer
D33,DrugA,2004,Biologic,Bayer,Cancer
D34,DrugB,2012,Biologic,Roche,Hypertension
D35,DrugE,2002,Small Molecule,Bayer,Diabetes
D36,DrugA,2008,Small Molecule,Pfizer,Diabetes
D37,DrugD,2003,Biologic,Bayer,Diabetes
D38,DrugD,2007,Small Molecule,Pfizer,Asthma
D39,DrugA,2015,Small Molecule,Novartis,Hypertension
D40,DrugA,2024,Biologic,Merck,Asthma
D41,DrugC,2010,Biologic,Merck,Hypertension
D42,DrugD,2022,Biologic,Merck,Diabetes
D43,DrugD,2018,Small Molecule,Pfizer,Diabetes
D44,DrugA,2009,Small Molecule,Merck,Asthma
D45,DrugC,2021,Biologic,Merck,Diabetes
D46,DrugE,2006,Small Molecule,Bayer,Cancer
D47,DrugC,2011,Biologic,Merck,Hypertension
D48,DrugC,2022,Small Molecule,Pfizer,Diabetes
D49,DrugD,2007,Small Molecule,Bayer,Cancer
D50,DrugA,2009,Small Molecule,Pfizer,Asthma
D51,DrugA,2004,Biologic,Roche,Diabetes
D52,DrugA,2004,Biologic,Merck,Diabetes
D53,DrugC,2012,Biologic,Pfizer,Hypertension
D54,DrugC,2001,Small Molecule,Pfizer,Diabetes
D55,DrugB,2011,Biologic,Bayer,Hypertension
D56,DrugE,2010,Small Molecule,Roche,Asthma
D57,DrugB,2001,Small Molecule,Roche,Hypertension
D58,DrugE,2014,Biologic,Merck,Asthma
D59,DrugB,2019,Small Molecule,Novartis,Diabetes
D60,DrugB,2006,Small Molecule,Novartis,Cancer
D61,DrugB,2007,Small Molecule,Bayer,Asthma
D62,DrugB,2002,Small Molecule,Merck,Diabetes
D63,DrugC,2016,Small Molecule,Bayer,Asthma
D64,DrugE,2019,Biologic,Merck,Diabetes
D65,DrugB,2005,Biologic,Roche,Diabetes
D66,DrugB,2021,Biologic,Novartis,Cancer
D67,DrugA,2024,Small Molecule,Pfizer,Hypertension
D68,DrugC,2014,Biologic,Novartis,Cancer
D69,DrugD,2012,Small Molecule,Merck,Asthma
D70,DrugA,2022,Small Molecule,Novartis,Cancer
D71,DrugD,2012,Small Molecule,Pfizer,Diabetes
D72,DrugB,2011,Small Molecule,Roche,Diabetes
D73,DrugE,2013,Biologic,Roche,Cancer
D74,DrugD,2008,Small Molecule,Merck,Asthma
D75,DrugD,2009,Biologic,Novartis,Hypertension
D76,DrugD,2004,Biologic,Merck,Hypertension
D77,DrugE,2020,Biologic,Novartis,Diabetes
D78,DrugA,2004,Biologic,Bayer,Hypertension
D79,DrugC,2020,Small Molecule,Merck,Hypertension
D80,DrugE,2019,Small Molecule,Novartis,Asthma
D81,DrugA,2005,Small Molecule,Bayer,Hypertension
D82,DrugB,2011,Small Molecule,Merck,Cancer
D83,DrugA,2016,Biologic,Roche,Asthma
D84,DrugD,2015,Small Molecule,Bayer,Cancer
D85,DrugA,2017,Small Molecule,Merck,Diabetes
D86,DrugA,2024,Small Molecule,Pfizer,Asthma
D87,DrugB,2021,Small Molecule,Roche,Hypertension
D88,DrugB,2005,Biologic,Bayer,Asthma
D89,DrugA,2009,Small Molecule,Novartis,Diabetes
D90,DrugE,2019,Small Molecule,Pfizer,Cancer
D91,DrugB,2020,Biologic,Novartis,Diabetes
D92,DrugD,2008,Small Molecule,Pfizer,Asthma
D93,DrugE,2001,Small Molecule,Merck,Cancer
D94,DrugA,2002,Small Molecule,Merck,Cancer
D95,DrugD,2009,Small Molecule,Novartis,Asthma
D96,DrugD,2007,Biologic,Novartis,Diabetes
D97,DrugE,2008,Biologic,Novartis,Hypertension
D98,DrugA,2020,Small Molecule,Bayer,Diabetes
D99,DrugD,2018,Small Molecule,Roche,Hypertension
D100,DrugB,2000,Biologic,Novartis,Diabetes
D101,DrugB,2001,Small Molecule,Merck,Asthma
D102,DrugE,2019,Small Molecule,Merck,Diabetes
D103,DrugB,2003,Small Molecule,Novartis,Diabetes
D104,DrugC,2015,Biologic,Novartis,Asthma
D105,DrugA,2020,Biologic,Merck,Asthma
D106,DrugD,2024,Biologic,Bayer,Cancer
D107,DrugD,2011,Biologic,Pfizer,Diabetes
D108,DrugE,2001,Biologic,Merck,Asthma
D109,DrugE,2014,Biologic,Pfizer,Asthma
D110,DrugD,2017,Small Molecule,Novartis,Cancer
D111,DrugB,2015,Small Molecule,Roche,Asthma
D112,DrugE,2020,Biologic,Novartis,Cancer
D113,DrugC,2011,Biologic,Novartis,Asthma
D114,DrugE,2017,Small Molecule,Novartis,Cancer
D115,DrugB,2013,Biologic,Merck,Diabetes
D116,DrugA,2020,Biologic,Merck,Asthma
D117,DrugC,2011,Biologic,Roche,Asthma
D118,DrugE,2004,Small Molecule,Pfizer,Diabetes
D119,DrugA,2022,Biologic,Pfizer,Diabetes
D120,DrugA,2003,Small Molecule,Pfizer,Diabetes
D121,DrugD,2017,Small Molecule,Novartis,Cancer
D122,DrugB,2023,Small Molecule,Roche,Asthma
D123,DrugD,2016,Small Molecule,Novartis,Asthma
D124,DrugB,2015,Small Molecule,Roche,Hypertension
D125,DrugA,2009,Small Molecule,Bayer,Hypertension
D126,DrugE,2016,Biologic,Merck,Asthma
D127,DrugB,2011,Biologic,Novartis,Cancer
D128,DrugB,2011,Small Molecule,Bayer,Cancer
D129,DrugA,2022,Biologic,Pfizer,Hypertension
D130,DrugC,2003,Biologic,Bayer,Hypertension
D131,DrugA,2002,Biologic,Merck,Hypertension
D132,DrugA,2000,Biologic,Merck,Hypertension
D133,DrugB,2011,Biologic,Merck,Hypertension
D134,DrugA,2007,Biologic,Bayer,Diabetes
D135,DrugD,2007,Biologic,Pfizer,Asthma
D136,DrugA,2011,Small Molecule,Novartis,Asthma
D137,DrugE,2003,Biologic,Pfizer,Hypertension
D138,DrugA,2015,Biologic,Roche,Asthma
D139,DrugA,2001,Small Molecule,Roche,Asthma
D140,DrugE,2003,Small Molecule,Novartis,Diabetes
D141,DrugC,2022,Small Molecule,Merck,Diabetes
D142,DrugC,2003,Biologic,Novartis,Cancer
D143,DrugC,2010,Small Molecule,Bayer,Cancer
D144,DrugD,2002,Small Molecule,Merck,Hypertension
D145,DrugE,2009,Small Molecule,Novartis,Cancer
D146,DrugD,2011,Small Molecule,Novartis,Hypertension
D147,DrugD,2016,Biologic,Bayer,Cancer
D148,DrugD,2008,Biologic,Bayer,Asthma
D149,DrugE,2020,Biologic,Pfizer,Asthma
D150,DrugB,2001,Small Molecule,Roche,Cancer
D151,DrugB,2021,Biologic,Novartis,Asthma
D152,DrugC,2017,Biologic,Pfizer,Asthma
D153,DrugD,2011,Biologic,Merck,Hypertension
D154,DrugC,2005,Biologic,Merck,Asthma
D155,DrugD,2024,Biologic,Roche,Cancer
D156,DrugC,2017,Biologic,Merck,Asthma
D157,DrugA,2012,Biologic,Roche,Hypertension
D158,DrugE,2014,Small Molecule,Merck,Cancer
D159,DrugD,2000,Small Molecule,Merck,Hypertension
D160,DrugD,2022,Biologic,Novartis,Asthma
D161,DrugD,2007,Biologic,Bayer,Asthma
D162,DrugE,2017,Small Molecule,Novartis,Asthma
D163,DrugA,2019,Biologic,Pfizer,Diabetes
D164,DrugB,2023,Biologic,Bayer,Hypertension
D165,DrugE,2011,Biologic,Novartis,Cancer
D166,DrugA,2019,Small Molecule,Bayer,Asthma
D167,DrugC,2011,Small Molecule,Bayer,Diabetes
D168,DrugD,2024,Small Molecule,Bayer,Diabetes
D169,DrugD,2000,Biologic,Merck,Hypertension
D170,DrugB,2009,Small Molecule,Bayer,Asthma
D171,DrugC,2022,Biologic,Merck,Hypertension
D172,DrugA,2018,Small Molecule,Bayer,Asthma
D173,DrugC,2018,Small Molecule,Merck,Asthma
D174,DrugC,2010,Small Molecule,Bayer,Asthma
D175,DrugB,2022,Small Molecule,Pfizer,Diabetes
D176,DrugA,2021,Small Molecule,Novartis,Hypertension
D177,DrugB,2002,Biologic,Bayer,Hypertension
D178,DrugA,2013,Biologic,Pfizer,Hypertension
D179,DrugE,2017,Biologic,Novartis,Cancer
D180,DrugE,2005,Biologic,Roche,Cancer
D181,DrugD,2022,Biologic,Bayer,Diabetes
D182,DrugB,2008,Small Molecule,Roche,Diabetes
D183,DrugE,2024,Small Molecule,Novartis,Diabetes
D184,DrugC,2008,Biologic,Novartis,Hypertension
D185,DrugC,2016,Biologic,Bayer,Hypertension
D186,DrugE,2003,Biologic,Pfizer,Asthma
D187,DrugB,2003,Biologic,Bayer,Hypertension
D188,DrugD,2023,Small Molecule,Pfizer,Diabetes
D189,DrugC,2018,Small Molecule,Bayer,Diabetes
D190,DrugD,2015,Biologic,Pfizer,Asthma
D191,DrugC,2016,Biologic,Merck,Cancer
D192,DrugA,2002,Small Molecule,Pfizer,Hypertension
D193,DrugE,2021,Small Molecule,Pfizer,Hypertension
D194,DrugB,2006,Biologic,Novartis,Cancer
D195,DrugC,2024,Small Molecule,Roche,Diabetes
D196,DrugE,2004,Biologic,Bayer,Diabetes
D197,DrugD,2020,Small Molecule,Novartis,Diabetes
D198,DrugB,2002,Biologic,Roche,Hypertension
D199,DrugB,2011,Small Molecule,Novartis,Cancer
D200,DrugE,2018,Biologic,Novartis,Cancer
D201,DrugE,2008,Small Molecule,Bayer,Diabetes
D202,DrugE,2002,Biologic,Merck,Hypertension
D203,DrugA,2002,Small Molecule,Novartis,Cancer
D204,DrugA,2015,Small Molecule,Bayer,Hypertension
D205,DrugB,2024,Biologic,Pfizer,Asthma
D206,DrugE,2019,Biologic,Roche,Diabetes
D207,DrugA,2012,Biologic,Bayer,Diabetes
D208,DrugB,2005,Small Molecule,Merck,Asthma
D209,DrugC,2000,Small Molecule,Bayer,Cancer
D210,DrugE,2010,Biologic,Bayer,Diabetes
D211,DrugA,2017,Biologic,Pfizer,Cancer
D212,DrugB,2002,Biologic,Roche,Diabetes
D213,DrugE,2017,Small Molecule,Roche,Asthma
D214,DrugB,2010,Biologic,Merck,Asthma
D215,DrugC,2014,Biologic,Roche,Cancer
D216,DrugB,2002,Small Molecule,Pfizer,Diabetes
D217,DrugB,2011,Biologic,Merck,Diabetes
D218,DrugC,2020,Small Molecule,Pfizer,Hypertension
D219,DrugD,2011,Small Molecule,Pfizer,Hypertension
D220,DrugE,2016,Small Molecule,Bayer,Diabetes
D221,DrugC,2000,Biologic,Bayer,Cancer
D222,DrugC,2010,Small Molecule,Bayer,Asthma
D223,DrugE,2022,Small Molecule,Novartis,Diabetes
D224,DrugB,2024,Biologic,Pfizer,Hypertension
D225,DrugA,2014,Small Molecule,Roche,Asthma
D226,DrugE,2008,Small Molecule,Merck,Cancer
D227,DrugC,2006,Biologic,Novartis,Diabetes
D228,DrugB,2010,Small Molecule,Bayer,Diabetes
D229,DrugD,2017,Biologic,Novartis,Asthma
D230,DrugB,2022,Small Molecule,Novartis,Asthma
D231,DrugA,2024,Small Molecule,Pfizer,Hypertension
D232,DrugB,2006,Biologic,Pfizer,Cancer
D233,DrugA,2017,Small Molecule,Roche,Asthma
D234,DrugD,2014,Biologic,Merck,Cancer
D235,DrugD,2015,Biologic,Merck,Cancer
D236,DrugB,2014,Small Molecule,Bayer,Diabetes
D237,DrugE,2022,Biologic,Roche,Asthma
D238,DrugE,2003,Small Molecule,Merck,Asthma
D239,DrugE,2023,Small Molecule,Novartis,Hypertension
D240,DrugD,2002,Biologic,Novartis,Diabetes
D241,DrugA,2013,Small Molecule,Merck,Asthma
D242,DrugC,2020,Small Molecule,Novartis,Asthma
D243,DrugB,2002,Small Molecule,Novartis,Hypertension
D244,DrugA,2022,Small Molecule,Bayer,Hypertension
D245,DrugC,2015,Small Molecule,Novartis,Cancer
D246,DrugD,2014,Small Molecule,Merck,Diabetes
D247,DrugC,2018,Small Molecule,Pfizer,Cancer
D248,DrugD,2009,Biologic,Novartis,Hypertension
D249,DrugD,2020,Small Molecule,Merck,Asthma
D250,DrugA,2016,Biologic,Novartis,Asthma
D251,DrugE,2003,Biologic,Roche,Hypertension
D252,DrugE,2021,Biologic,Bayer,Cancer
D253,DrugA,2017,Small Molecule,Pfizer,Cancer
D254,DrugB,2021,Biologic,Novartis,Hypertension
D255,DrugD,2009,Small Molecule,Merck,Asthma
D256,DrugB,2022,Biologic,Pfizer,Diabetes
D257,DrugD,2015,Biologic,Novartis,Cancer
D258,DrugD,2023,Small Molecule,Roche,Diabetes
D259,DrugE,2002,Biologic,Merck,Asthma
D260,DrugE,2011,Biologic,Bayer,Hypertension
D261,DrugD,2018,Small Molecule,Novartis,Cancer
D262,DrugE,2020,Small Molecule,Merck,Cancer
D263,DrugE,2002,Small Molecule,Novartis,Asthma
D264,DrugC,2008,Small Molecule,Bayer,Hypertension
D265,DrugC,2006,Biologic,Roche,Cancer
D266,DrugD,2015,Small Molecule,Bayer,Asthma
D267,DrugE,2020,Small Molecule,Bayer,Cancer
D268,DrugC,2020,Biologic,Bayer,Diabetes
D269,DrugB,2000,Biologic,Pfizer,Cancer
D270,DrugD,2024,Biologic,Merck,Asthma
D271,DrugD,2014,Small Molecule,Novartis,Diabetes
D272,DrugB,2001,Small Molecule,Roche,Cancer
D273,DrugD,2015,Biologic,Novartis,Cancer
D274,DrugE,2006,Biologic,Pfizer,Hypertension
D275,DrugC,2013,Small Molecule,Roche,Hypertension
D276,DrugA,2022,Small Molecule,Pfizer,Cancer
D277,DrugC,2001,Small Molecule,Novartis,Diabetes
D278,DrugB,2023,Biologic,Roche,Hypertension
D279,DrugA,2023,Biologic,Novartis,Hypertension
D280,DrugE,2024,Biologic,Merck,Hypertension
D281,DrugE,2017,Small Molecule,Pfizer,Asthma
D282,DrugC,2000,Small Molecule,Merck,Cancer
D283,DrugD,2015,Biologic,Merck,Diabetes
D284,DrugD,2008,Biologic,Novartis,Diabetes
D285,DrugB,2002,Small Molecule,Novartis,Cancer
D286,DrugD,2012,Biologic,Bayer,Hypertension
D287,DrugE,2001,Small Molecule,Bayer,Diabetes
D288,DrugA,2017,Small Molecule,Roche,Asthma
D289,DrugC,2001,Small Molecule,Novartis,Asthma
D290,DrugC,2007,Small Molecule,Pfizer,Diabetes
D291,DrugC,2002,Biologic,Novartis,Asthma
D292,DrugD,2016,Small Molecule,Novartis,Cancer
D293,DrugA,2023,Biologic,Merck,Asthma
D294,DrugD,2001,Biologic,Merck,Asthma
D295,DrugD,2005,Small Molecule,Bayer,Diabetes
D296,DrugE,2007,Biologic,Roche,Asthma
D297,DrugE,2024,Biologic,Roche,Diabetes
D298,DrugD,2016,Biologic,Novartis,Hypertension
D299,DrugB,2024,Biologic,Pfizer,Hypertension
D300,DrugB,2023,Biologic,Merck,Asthma
D301,DrugB,2005,Small Molecule,Pfizer,Hypertension
D302,DrugD,2011,Biologic,Merck,Diabetes
D303,DrugA,2020,Small Molecule,Novartis,Hypertension
D304,DrugB,2015,Biologic,Roche,Cancer
D305,DrugE,2005,Small Molecule,Novartis,Hypertension
D306,DrugC,2001,Biologic,Merck,Hypertension
D307,DrugC,2002,Biologic,Roche,Diabetes
D308,DrugD,2008,Biologic,Pfizer,Hypertension
D309,DrugC,2018,Small Molecule,Pfizer,Asthma
D310,DrugD,2009,Small Molecule,Bayer,Cancer
D311,DrugC,2022,Biologic,Pfizer,Hypertension
D312,DrugA,2012,Small Molecule,Bayer,Hypertension
D313,DrugA,2019,Small Molecule,Roche,Asthma
D314,DrugA,2012,Biologic,Novartis,Cancer
D315,DrugA,2024,Small Molecule,Novartis,Cancer
D316,DrugB,2019,Biologic,Roche,Hypertension
D317,DrugE,2014,Small Molecule,Roche,Diabetes
D318,DrugA,2012,Small Molecule,Merck,Cancer
D319,DrugB,2012,Small Molecule,Pfizer,Cancer
D320,DrugD,2005,Small Molecule,Pfizer,Diabetes
D321,DrugC,2017,Biologic,Pfizer,Cancer
D322,DrugC,2006,Small Molecule,Bayer,Cancer
D323,DrugB,2002,Small Molecule,Pfizer,Diabetes
D324,DrugC,2000,Biologic,Merck,Hypertension
D325,DrugA,2011,Biologic,Novartis,Diabetes
D326,DrugC,2022,Biologic,Novartis,Asthma
D327,DrugA,2004,Biologic,Bayer,Asthma
D328,DrugA,2010,Small Molecule,Merck,Hypertension
D329,DrugC,2011,Small Molecule,Roche,Asthma
D330,DrugB,2022,Small Molecule,Novartis,Asthma
D331,DrugD,2015,Biologic,Merck,Cancer
D332,DrugB,2000,Biologic,Roche,Cancer
D333,DrugE,2020,Small Molecule,Bayer,Hypertension
D334,DrugE,2017,Biologic,Pfizer,Asthma
D335,DrugA,2000,Biologic,Merck,Asthma
D336,DrugA,2021,Small Molecule,Novartis,Diabetes
D337,DrugB,2004,Small Molecule,Bayer,Cancer
D338,DrugB,2003,Biologic,Merck,Diabetes
D339,DrugA,2000,Biologic,Bayer,Asthma
D340,DrugD,2014,Small Molecule,Roche,Hypertension
D341,DrugD,2004,Small Molecule,Merck,Asthma
D342,DrugE,2006,Biologic,Pfizer,Hypertension
D343,DrugD,2016,Small Molecule,Roche,Hypertension
D344,DrugC,2019,Small Molecule,Pfizer,Diabetes
D345,DrugA,2005,Biologic,Bayer,Asthma
D346,DrugB,2012,Biologic,Pfizer,Diabetes
D347,DrugA,2023,Biologic,Roche,Asthma
D348,DrugC,2022,Small Molecule,Roche,Hypertension
D349,DrugD,2014,Biologic,Roche,Cancer
D350,DrugA,2006,Biologic,Bayer,Asthma
D351,DrugC,2023,Biologic,Novartis,Hypertension
D352,DrugD,2006,Biologic,Bayer,Cancer
D353,DrugE,2012,Biologic,Roche,Asthma
D354,DrugE,2003,Small Molecule,Bayer,Cancer
D355,DrugE,2021,Biologic,Merck,Asthma
D356,DrugC,2017,Biologic,Merck,Asthma
D357,DrugC,2007,Small Molecule,Novartis,Cancer
D358,DrugB,2018,Biologic,Bayer,Diabetes
D359,DrugB,2015,Small Molecule,Bayer,Cancer
D360,DrugE,2019,Small Molecule,Merck,Cancer
D361,DrugA,2017,Biologic,Roche,Hypertension
D362,DrugD,2015,Biologic,Pfizer,Cancer
D363,DrugB,2015,Small Molecule,Roche,Asthma
D364,DrugD,2024,Biologic,Novartis,Asthma
D365,DrugA,2001,Biologic,Pfizer,Cancer
D366,DrugE,2013,Biologic,Roche,Hypertension
D367,DrugD,2021,Biologic,Bayer,Asthma
D368,DrugE,2018,Biologic,Bayer,Diabetes
D369,DrugD,2015,Small Molecule,Merck,Cancer
D370,DrugA,2021,Small Molecule,Bayer,Diabetes
D371,DrugB,2003,Small Molecule,Bayer,Hypertension
D372,DrugC,2012,Small Molecule,Novartis,Diabetes
D373,DrugE,2007,Small Molecule,Pfizer,Cancer
D374,DrugB,2002,Small Molecule,Roche,Diabetes
D375,DrugD,2023,Biologic,Roche,Asthma
D376,DrugB,2002,Biologic,Novartis,Diabetes
D377,DrugC,2004,Small Molecule,Pfizer,Hypertension
D378,DrugE,2010,Small Molecule,Bayer,Hypertension
D379,DrugE,2012,Biologic,Novartis,Hypertension
D380,DrugB,2001,Biologic,Bayer,Asthma
D381,DrugA,2005,Biologic,Roche,Hypertension
D382,DrugD,2006,Small Molecule,Novartis,Asthma
D383,DrugB,2023,Small Molecule,Novartis,Hypertension
D384,DrugA,2003,Biologic,Novartis,Hypertension
D385,DrugE,2008,Small Molecule,Roche,Hypertension
D386,DrugD,2017,Small Molecule,Roche,Asthma
D387,DrugE,2013,Biologic,Merck,Hypertension
D388,DrugC,2023,Biologic,Roche,Asthma
D389,DrugA,2005,Biologic,Roche,Asthma
D390,DrugC,2019,Small Molecule,Bayer,Asthma
D391,DrugC,2001,Biologic,Roche,Diabetes
D392,DrugC,2003,Small Molecule,Pfizer,Hypertension
D393,DrugA,2014,Biologic,Bayer,Asthma
D394,DrugD,2002,Biologic,Merck,Diabetes
D395,DrugE,2003,Biologic,Pfizer,Cancer
D396,DrugD,2003,Biologic,Merck,Asthma
D397,DrugD,2014,Small Molecule,Novartis,Asthma
D398,DrugD,2010,Biologic,Novartis,Hypertension
D399,DrugE,2022,Biologic,Novartis,Asthma
D400,DrugE,2016,Biologic,Roche,Cancer
D401,DrugA,2014,Small Molecule,Roche,Asthma
D402,DrugB,2024,Biologic,Bayer,Asthma
D403,DrugE,2020,Small Molecule,Pfizer,Hypertension
D404,DrugE,2002,Biologic,Pfizer,Asthma
D405,DrugB,2022,Small Molecule,Novartis,Cancer
D406,DrugE,2022,Small Molecule,Novartis,Diabetes
D407,DrugD,2023,Small Molecule,Roche,Hypertension
D408,DrugE,2009,Small Molecule,Merck,Diabetes
D409,DrugA,2003,Small Molecule,Pfizer,Cancer
D410,DrugE,2012,Small Molecule,Pfizer,Asthma
D411,DrugB,2024,Biologic,Merck,Diabetes
D412,DrugD,2001,Small Molecule,Pfizer,Hypertension
D413,DrugB,2005,Small Molecule,Pfizer,Diabetes
D414,DrugE,2018,Biologic,Roche,Asthma
D415,DrugE,2023,Small Molecule,Pfizer,Diabetes
D416,DrugA,2007,Small Molecule,Novartis,Cancer
D417,DrugD,2005,Biologic,Novartis,Asthma
D418,DrugE,2019,Biologic,Bayer,Asthma
D419,DrugA,2013,Biologic,Roche,Asthma
D420,DrugA,2007,Biologic,Roche,Cancer
D421,DrugB,2005,Small Molecule,Novartis,Hypertension
D422,DrugD,2011,Small Molecule,Roche,Cancer
D423,DrugC,2008,Small Molecule,Roche,Asthma
D424,DrugA,2006,Biologic,Bayer,Asthma
D425,DrugC,2024,Biologic,Merck,Diabetes
D426,DrugB,2012,Biologic,Pfizer,Cancer
D427,DrugA,2015,Biologic,Bayer,Hypertension
D428,DrugD,2007,Small Molecule,Merck,Asthma
D429,DrugC,2013,Biologic,Pfizer,Cancer
D430,DrugD,2015,Biologic,Novartis,Asthma
D431,DrugC,2019,Small Molecule,Merck,Hypertension
D432,DrugB,2005,Biologic,Pfizer,Hypertension
D433,DrugA,2022,Biologic,Bayer,Diabetes
D434,DrugA,2003,Small Molecule,Pfizer,Diabetes
D435,DrugB,2003,Biologic,Roche,Diabetes
D436,DrugE,2002,Biologic,Pfizer,Hypertension
D437,DrugC,2009,Small Molecule,Novartis,Cancer
D438,DrugC,2005,Biologic,Bayer,Cancer
D439,DrugE,2017,Biologic,Merck,Hypertension
D440,DrugB,2012,Small Molecule,Pfizer,Hypertension
D441,DrugD,2010,Small Molecule,Bayer,Cancer
D442,DrugD,2003,Biologic,Novartis,Asthma
D443,DrugB,2007,Small Molecule,Merck,Cancer
D444,DrugD,2002,Small Molecule,Pfizer,Hypertension
D445,DrugB,2011,Biologic,Novartis,Cancer
D446,DrugC,2012,Biologic,Roche,Cancer
D447,DrugC,2023,Biologic,Bayer,Hypertension
D448,DrugE,2022,Biologic,Bayer,Asthma
D449,DrugB,2022,Small Molecule,Pfizer,Hypertension
D450,DrugD,2010,Small Molecule,Novartis,Diabetes
D451,DrugB,2008,Biologic,Merck,Diabetes
D452,DrugA,2003,Small Molecule,Merck,Cancer
D453,DrugE,2010,Biologic,Merck,Hypertension
D454,DrugA,2007,Biologic,Merck,Asthma
D455,DrugE,2017,Small Molecule,Pfizer,Cancer
D456,DrugE,2002,Biologic,Pfizer,Hypertension
D457,DrugE,2003,Biologic,Bayer,Cancer
D458,DrugA,2024,Small Molecule,Novartis,Cancer
D459,DrugE,2016,Biologic,Roche,Hypertension
D460,DrugB,2015,Biologic,Pfizer,Asthma
D461,DrugB,2006,Small Molecule,Merck,Asthma
D462,DrugA,2001,Biologic,Roche,Diabetes
D463,DrugC,2004,Biologic,Bayer,Asthma
D464,DrugC,2000,Biologic,Merck,Diabetes
D465,DrugA,2021,Biologic,Novartis,Hypertension
D466,DrugE,2012,Biologic,Roche,Cancer
D467,DrugE,2011,Biologic,Bayer,Cancer
D468,DrugE,2018,Small Molecule,Pfizer,Asthma
D469,DrugA,2021,Biologic,Novartis,Cancer
D470,DrugE,2007,Biologic,Merck,Hypertension
D471,DrugB,2007,Biologic,Roche,Asthma
D472,DrugE,2011,Small Molecule,Bayer,Asthma
D473,DrugA,2003,Small Molecule,Roche,Diabetes
D474,DrugE,2006,Biologic,Novartis,Hypertension
D475,DrugB,2015,Biologic,Pfizer,Diabetes
D476,DrugA,2021,Biologic,Pfizer,Asthma
D477,DrugC,2017,Small Molecule,Novartis,Diabetes
D478,DrugA,2005,Small Molecule,Merck,Hypertension
D479,DrugD,2017,Small Molecule,Roche,Diabetes
D480,DrugC,2003,Small Molecule,Merck,Asthma
D481,DrugC,2020,Biologic,Bayer,Diabetes
D482,DrugA,2008,Biologic,Merck,Asthma
D483,DrugD,2012,Biologic,Novartis,Asthma
D484,DrugC,2018,Small Molecule,Pfizer,Diabetes
D485,DrugE,2011,Small Molecule,Novartis,Cancer
D486,DrugD,2015,Small Molecule,Novartis,Hypertension
D487,DrugD,2004,Biologic,Roche,Asthma
D488,DrugA,2001,Small Molecule,Novartis,Cancer
D489,DrugA,2002,Biologic,Bayer,Hypertension
D490,DrugA,2012,Small Molecule,Roche,Cancer
D491,DrugD,2020,Small Molecule,Roche,Diabetes
D492,DrugB,2006,Biologic,Merck,Asthma
D493,DrugA,2012,Small Molecule,Novartis,Cancer
D494,DrugB,2015,Biologic,Merck,Cancer
D495,DrugC,2021,Small Molecule,Merck,Hypertension
D496,DrugE,2013,Small Molecule,Roche,Hypertension
D497,DrugE,2017,Biologic,Merck,Asthma
D498,DrugB,2012,Small Molecule,Merck,Cancer
D499,DrugD,2013,Small Molecule,Roche,Asthma
D500,DrugE,2008,Biologic,Roche,Hypertension
D501,DrugB,2007,Small Molecule,Pfizer,Asthma
D502,DrugA,2024,Biologic,Novartis,Diabetes
D503,DrugB,2024,Biologic,Pfizer,Asthma
D504,DrugC,2004,Biologic,Roche,Diabetes
D505,DrugB,2022,Small Molecule,Bayer,Asthma
D506,DrugA,2006,Biologic,Merck,Asthma
D507,DrugB,2015,Small Molecule,Merck,Diabetes
D508,DrugA,2009,Biologic,Roche,Hypertension
D509,DrugA,2024,Biologic,Merck,Asthma
D510,DrugC,2024,Small Molecule,Pfizer,Hypertension
D511,DrugC,2021,Biologic,Merck,Cancer
D512,DrugE,2002,Biologic,Bayer,Hypertension
D513,DrugA,2023,Biologic,Novartis,Cancer
D514,DrugA,2016,Small Molecule,Pfizer,Hypertension
D515,DrugA,2009,Biologic,Novartis,Hypertension
D516,DrugE,2010,Small Molecule,Novartis,Cancer
D517,DrugD,2019,Small Molecule,Bayer,Diabetes
D518,DrugC,2009,Small Molecule,Bayer,Hypertension
D519,DrugC,2017,Small Molecule,Bayer,Cancer
D520,DrugA,2020,Small Molecule,Bayer,Hypertension
D521,DrugE,2022,Biologic,Pfizer,Hypertension
D522,DrugA,2000,Biologic,Bayer,Hypertension
D523,DrugC,2003,Biologic,Pfizer,Hypertension
D524,DrugE,2002,Small Molecule,Merck,Asthma
D525,DrugB,2019,Biologic,Novartis,Hypertension
D526,DrugC,2005,Biologic,Merck,Cancer
D527,DrugB,2005,Biologic,Merck,Hypertension
D528,DrugD,2016,Small Molecule,Roche,Cancer
D529,DrugB,2018,Biologic,Merck,Cancer
D530,DrugE,2016,Biologic,Merck,Diabetes
D531,DrugB,2016,Small Molecule,Roche,Cancer
D532,DrugD,2016,Biologic,Merck,Cancer
D533,DrugC,2002,Biologic,Roche,Diabetes
D534,DrugD,2013,Small Molecule,Pfizer,Hypertension
D535,DrugE,2001,Small Molecule,Novartis,Asthma
D536,DrugB,2003,Small Molecule,Bayer,Diabetes
D537,DrugB,2022,Small Molecule,Merck,Asthma
D538,DrugE,2017,Biologic,Pfizer,Hypertension
D539,DrugA,2001,Small Molecule,Novartis,Hypertension
D540,DrugE,2011,Biologic,Pfizer,Asthma
D541,DrugE,2014,Small Molecule,Roche,Asthma
D542,DrugD,2012,Small Molecule,Pfizer,Cancer
D543,DrugD,2010,Small Molecule,Merck,Hypertension
D544,DrugE,2006,Biologic,Merck,Diabetes
D545,DrugC,2008,Biologic,Bayer,Diabetes
D546,DrugB,2014,Biologic,Bayer,Hypertension
D547,DrugE,2002,Biologic,Merck,Asthma
D548,DrugA,2009,Small Molecule,Pfizer,Asthma
D549,DrugB,2007,Small Molecule,Merck,Diabetes
D550,DrugC,2005,Small Molecule,Pfizer,Asthma
D551,DrugE,2013,Biologic,Merck,Diabetes
D552,DrugC,2005,Biologic,Novartis,Cancer
D553,DrugB,2018,Small Molecule,Pfizer,Cancer
D554,DrugA,2008,Small Molecule,Roche,Cancer
D555,DrugB,2008,Biologic,Roche,Hypertension
D556,DrugB,2019,Biologic,Bayer,Asthma
D557,DrugE,2015,Small Molecule,Novartis,Cancer
D558,DrugB,2012,Small Molecule,Roche,Diabetes
D559,DrugE,2012,Small Molecule,Merck,Cancer
D560,DrugE,2011,Biologic,Roche,Asthma
D561,DrugC,2021,Biologic,Merck,Diabetes
D562,DrugA,2020,Small Molecule,Novartis,Cancer
D563,DrugE,2019,Small Molecule,Bayer,Asthma
D564,DrugD,2001,Small Molecule,Roche,Diabetes
D565,DrugC,2003,Biologic,Bayer,Cancer
D566,DrugE,2006,Biologic,Novartis,Cancer
D567,DrugE,2018,Small Molecule,Pfizer,Asthma
D568,DrugC,2002,Small Molecule,Novartis,Cancer
D569,DrugB,2010,Small Molecule,Novartis,Asthma
D570,DrugE,2018,Biologic,Novartis,Cancer
D571,DrugA,2024,Biologic,Pfizer,Diabetes
D572,DrugE,2013,Biologic,Pfizer,Cancer
D573,DrugC,2016,Biologic,Novartis,Hypertension
D574,DrugD,2004,Small Molecule,Pfizer,Cancer
D575,DrugC,2024,Small Molecule,Merck,Asthma
D576,DrugC,2013,Biologic,Novartis,Cancer
D577,DrugA,2006,Biologic,Roche,Hypertension
D578,DrugB,2011,Biologic,Merck,Diabetes
D579,DrugA,2016,Small Molecule,Novartis,Hypertension
D580,DrugA,2019,Biologic,Roche,Diabetes
D581,DrugE,2021,Small Molecule,Roche,Hypertension
D582,DrugD,2020,Small Molecule,Bayer,Hypertension
D583,DrugC,2017,Small Molecule,Bayer,Hypertension
D584,DrugA,2000,Biologic,Roche,Diabetes
D585,DrugA,2010,Biologic,Novartis,Cancer
D586,DrugB,2003,Biologic,Novartis,Asthma
D587,DrugB,2011,Biologic,Novartis,Cancer
D588,DrugD,2004,Small Molecule,Novartis,Hypertension
D589,DrugC,2014,Small Molecule,Roche,Diabetes
D590,DrugA,2019,Biologic,Pfizer,Diabetes
D591,DrugE,2002,Small Molecule,Pfizer,Cancer
D592,DrugB,2014,Small Molecule,Novartis,Diabetes
D593,DrugA,2007,Biologic,Bayer,Diabetes
D594,DrugE,2021,Biologic,Roche,Hypertension
D595,DrugA,2010,Small Molecule,Pfizer,Diabetes
D596,DrugD,2011,Biologic,Roche,Diabetes
D597,DrugD,2002,Small Molecule,Bayer,Hypertension
D598,DrugE,2005,Biologic,Roche,Cancer
D599,DrugB,2007,Small Molecule,Bayer,Asthma
D600,DrugD,2006,Biologic,Bayer,Asthma
D601,DrugB,2016,Small Molecule,Merck,Asthma
D602,DrugE,2015,Biologic,Bayer,Cancer
D603,DrugE,2021,Biologic,Merck,Diabetes
D604,DrugA,2016,Biologic,Bayer,Hypertension
D605,DrugE,2012,Small Molecule,Bayer,Cancer
D606,DrugA,2003,Biologic,Roche,Asthma
D607,DrugB,2009,Biologic,Merck,Diabetes
D608,DrugA,2015,Small Molecule,Pfizer,Asthma
D609,DrugB,2018,Biologic,Pfizer,Asthma
D610,DrugD,2006,Small Molecule,Roche,Asthma
D611,DrugB,2017,Small Molecule,Pfizer,Cancer
D612,DrugC,2012,Small Molecule,Pfizer,Diabetes
D613,DrugA,2003,Small Molecule,Bayer,Asthma
D614,DrugD,2020,Small Molecule,Novartis,Cancer
D615,DrugB,2017,Small Molecule,Novartis,Hypertension
D616,DrugE,2015,Biologic,Pfizer,Hypertension
D617,DrugA,2024,Small Molecule,Roche,Cancer
D618,DrugB,2017,Biologic,Roche,Hypertension
D619,DrugD,2015,Small Molecule,Merck,Asthma
D620,DrugE,2021,Biologic,Roche,Cancer
D621,DrugA,2023,Small Molecule,Roche,Cancer
D622,DrugD,2022,Small Molecule,Bayer,Hypertension
D623,DrugE,2021,Biologic,Bayer,Diabetes
D624,DrugC,2023,Biologic,Pfizer,Hypertension
D625,DrugE,2020,Small Molecule,Roche,Asthma
D626,DrugA,2008,Small Molecule,Novartis,Diabetes
D627,DrugC,2001,Biologic,Roche,Diabetes
D628,DrugB,2005,Biologic,Roche,Asthma
D629,DrugC,2022,Small Molecule,Pfizer,Diabetes
D630,DrugC,2024,Small Molecule,Novartis,Cancer
D631,DrugC,2020,Biologic,Pfizer,Diabetes
D632,DrugE,2005,Small Molecule,Roche,Diabetes
D633,DrugC,2024,Small Molecule,Novartis,Hypertension
D634,DrugC,2005,Biologic,Roche,Cancer
D635,DrugB,2013,Biologic,Pfizer,Asthma
D636,DrugC,2010,Small Molecule,Pfizer,Cancer
D637,DrugE,2016,Small Molecule,Bayer,Diabetes
D638,DrugD,2003,Biologic,Novartis,Hypertension
D639,DrugD,2003,Biologic,Bayer,Asthma
D640,DrugE,2018,Biologic,Novartis,Asthma
D641,DrugE,2023,Biologic,Merck,Diabetes
D642,DrugC,2021,Biologic,Novartis,Cancer
D643,DrugE,2022,Small Molecule,Roche,Hypertension
D644,DrugC,2015,Biologic,Novartis,Cancer
D645,DrugA,2024,Biologic,Bayer,Cancer
D646,DrugB,2007,Biologic,Pfizer,Asthma
D647,DrugB,2018,Small Molecule,Pfizer,Cancer
D648,DrugB,2019,Small Molecule,Novartis,Cancer
D649,DrugA,2000,Biologic,Merck,Asthma
D650,DrugB,2003,Small Molecule,Pfizer,Asthma
D651,DrugC,2011,Biologic,Pfizer,Cancer
D652,DrugD,2024,Biologic,Pfizer,Asthma
D653,DrugB,2020,Biologic,Merck,Hypertension
D654,DrugB,2018,Small Molecule,Bayer,Hypertension
D655,DrugC,2001,Small Molecule,Novartis,Cancer
D656,DrugC,2005,Small Molecule,Merck,Diabetes
D657,DrugB,2019,Biologic,Novartis,Asthma
D658,DrugE,2021,Small Molecule,Roche,Diabetes
D659,DrugA,2002,Biologic,Novartis,Asthma
D660,DrugD,2002,Small Molecule,Pfizer,Asthma
D661,DrugD,2000,Biologic,Merck,Cancer
D662,DrugA,2008,Biologic,Merck,Hypertension
D663,DrugB,2006,Small Molecule,Bayer,Diabetes
D664,DrugB,2008,Biologic,Roche,Hypertension
D665,DrugB,2000,Small Molecule,Bayer,Hypertension
D666,DrugB,2007,Biologic,Bayer,Diabetes
D667,DrugB,2017,Biologic,Roche,Asthma
D668,DrugD,2002,Small Molecule,Pfizer,Diabetes
D669,DrugB,2016,Biologic,Merck,Hypertension
D670,DrugC,2006,Biologic,Novartis,Diabetes
D671,DrugE,2010,Biologic,Roche,Cancer
D672,DrugB,2004,Biologic,Bayer,Asthma
D673,DrugC,2012,Small Molecule,Novartis,Asthma
D674,DrugD,2010,Small Molecule,Roche,Diabetes
D675,DrugC,2002,Small Molecule,Roche,Asthma
D676,DrugA,2012,Biologic,Pfizer,Asthma
D677,DrugA,2019,Small Molecule,Pfizer,Hypertension
D678,DrugC,2005,Small Molecule,Merck,Hypertension
D679,DrugB,2021,Biologic,Merck,Asthma
D680,DrugB,2014,Biologic,Novartis,Asthma
D681,DrugB,2001,Small Molecule,Merck,Hypertension
D682,DrugC,2022,Small Molecule,Roche,Asthma
D683,DrugA,2001,Biologic,Roche,Asthma
D684,DrugA,2024,Biologic,Roche,Hypertension
D685,DrugD,2013,Biologic,Roche,Hypertension
D686,DrugA,2001,Biologic,Pfizer,Hypertension
D687,DrugA,2004,Small Molecule,Roche,Cancer
D688,DrugE,2015,Small Molecule,Roche,Hypertension
D689,DrugA,2007,Biologic,Roche,Asthma
D690,DrugC,2007,Biologic,Bayer,Hypertension
D691,DrugB,2010,Small Molecule,Novartis,Cancer
D692,DrugC,2012,Small Molecule,Novartis,Hypertension
D693,DrugB,2014,Small Molecule,Roche,Hypertension
D694,DrugB,2003,Small Molecule,Roche,Cancer
D695,DrugD,2022,Biologic,Novartis,Diabetes
D696,DrugA,2007,Small Molecule,Merck,Diabetes
D697,DrugD,2015,Biologic,Bayer,Hypertension
D698,DrugB,2015,Biologic,Bayer,Diabetes
D699,DrugE,2023,Small Molecule,Merck,Diabetes
D700,DrugE,2020,Biologic,Roche,Asthma
D701,DrugD,2009,Biologic,Novartis,Asthma
D702,DrugD,2001,Biologic,Bayer,Asthma
D703,DrugA,2017,Biologic,Merck,Cancer
D704,DrugD,2020,Small Molecule,Merck,Diabetes
D705,DrugD,2015,Small Molecule,Pfizer,Hypertension
D706,DrugC,2003,Small Molecule,Merck,Cancer
D707,DrugD,2019,Biologic,Pfizer,Diabetes
D708,DrugD,2018,Biologic,Pfizer,Hypertension
D709,DrugC,2024,Small Molecule,Bayer,Cancer
D710,DrugB,2007,Biologic,Roche,Asthma
D711,DrugB,2019,Small Molecule,Roche,Hypertension
D712,DrugC,2022,Small Molecule,Merck,Asthma
D713,DrugA,2007,Biologic,Novartis,Diabetes
D714,DrugD,2013,Small Molecule,Novartis,Hypertension
D715,DrugA,2015,Biologic,Pfizer,Asthma
D716,DrugE,2005,Small Molecule,Merck,Asthma
D717,DrugA,2017,Biologic,Merck,Diabetes
D718,DrugD,2007,Biologic,Roche,Diabetes
D719,DrugB,2018,Small Molecule,Novartis,Diabetes
D720,DrugD,2003,Small Molecule,Bayer,Diabetes
D721,DrugD,2003,Biologic,Merck,Diabetes
D722,DrugD,2006,Biologic,Merck,Cancer
D723,DrugA,2007,Biologic,Roche,Asthma
D724,DrugB,2008,Biologic,Bayer,Diabetes
D725,DrugB,2000,Small Molecule,Bayer,Asthma
D726,DrugA,2016,Small Molecule,Bayer,Cancer
D727,DrugA,2006,Biologic,Bayer,Hypertension
D728,DrugA,2019,Biologic,Novartis,Asthma
D729,DrugE,2009,Biologic,Pfizer,Asthma
D730,DrugE,2023,Small Molecule,Bayer,Asthma
D731,DrugD,2020,Small Molecule,Pfizer,Hypertension
D732,DrugE,2000,Biologic,Pfizer,Cancer
D733,DrugA,2017,Biologic,Roche,Asthma
D734,DrugA,2013,Biologic,Bayer,Cancer
D735,DrugA,2018,Small Molecule,Novartis,Asthma
D736,DrugB,2017,Small Molecule,Roche,Asthma
D737,DrugB,2024,Biologic,Roche,Asthma
D738,DrugE,2012,Biologic,Pfizer,Hypertension
D739,DrugC,2006,Biologic,Merck,Cancer
D740,DrugC,2001,Small Molecule,Novartis,Cancer
D741,DrugA,2006,Biologic,Bayer,Diabetes
D742,DrugB,2009,Biologic,Bayer,Asthma
D743,DrugD,2016,Small Molecule,Novartis,Hypertension
D744,DrugE,2020,Biologic,Bayer,Asthma
D745,DrugB,2004,Small Molecule,Merck,Cancer
D746,DrugA,2008,Biologic,Merck,Cancer
D747,DrugA,2003,Small Molecule,Bayer,Asthma
D748,DrugC,2019,Small Molecule,Roche,Cancer
D749,DrugA,2021,Small Molecule,Bayer,Asthma
D750,DrugA,2014,Biologic,Bayer,Asthma
D751,DrugD,2013,Biologic,Novartis,Diabetes
D752,DrugE,2017,Small Molecule,Merck,Hypertension
D753,DrugD,2009,Biologic,Roche,Hypertension
D754,DrugC,2015,Small Molecule,Novartis,Cancer
D755,DrugB,2021,Small Molecule,Novartis,Cancer
D756,DrugC,2022,Small Molecule,Roche,Diabetes
D757,DrugA,2019,Biologic,Roche,Cancer
D758,DrugE,2009,Small Molecule,Novartis,Cancer
D759,DrugA,2008,Biologic,Bayer,Asthma
D760,DrugE,2015,Biologic,Roche,Diabetes
D761,DrugE,2004,Small Molecule,Pfizer,Asthma
D762,DrugE,2018,Biologic,Roche,Asthma
D763,DrugB,2024,Biologic,Novartis,Cancer
D764,DrugC,2000,Biologic,Pfizer,Asthma
D765,DrugB,2023,Small Molecule,Novartis,Hypertension
D766,DrugB,2000,Biologic,Merck,Hypertension
D767,DrugB,2023,Small Molecule,Merck,Hypertension
D768,DrugD,2004,Small Molecule,Bayer,Diabetes
D769,DrugD,2006,Biologic,Roche,Diabetes
D770,DrugD,2023,Small Molecule,Novartis,Hypertension
D771,DrugB,2014,Biologic,Pfizer,Hypertension
D772,DrugA,2010,Small Molecule,Roche,Asthma
D773,DrugD,2011,Biologic,Bayer,Diabetes
D774,DrugD,2016,Biologic,Novartis,Cancer
D775,DrugB,2016,Small Molecule,Novartis,Cancer
D776,DrugC,2022,Small Molecule,Merck,Diabetes
D777,DrugA,2016,Small Molecule,Bayer,Asthma
D778,DrugE,2003,Small Molecule,Novartis,Hypertension
D779,DrugE,2021,Small Molecule,Merck,Asthma
D780,DrugA,2001,Biologic,Merck,Asthma
D781,DrugB,2009,Biologic,Pfizer,Diabetes
D782,DrugC,2004,Small Molecule,Bayer,Hypertension
D783,DrugC,2009,Small Molecule,Bayer,Diabetes
D784,DrugE,2009,Biologic,Novartis,Diabetes
D785,DrugC,2010,Biologic,Pfizer,Asthma
D786,DrugE,2009,Biologic,Roche,Diabetes
D787,DrugD,2010,Small Molecule,Novartis,Diabetes
D788,DrugB,2005,Biologic,Merck,Diabetes
D789,DrugC,2020,Small Molecule,Roche,Diabetes
D790,DrugB,2009,Small Molecule,Roche,Asthma
D791,DrugD,2007,Small Molecule,Novartis,Hypertension
D792,DrugA,2010,Biologic,Pfizer,Hypertension
D793,DrugA,2019,Small Molecule,Bayer,Asthma
D794,DrugA,2023,Biologic,Pfizer,Cancer
D795,DrugE,2018,Small Molecule,Novartis,Diabetes
D796,DrugE,2006,Biologic,Bayer,Asthma
D797,DrugA,2020,Biologic,Roche,Cancer
D798,DrugD,2011,Small Molecule,Merck,Cancer
D799,DrugE,2020,Small Molecule,Pfizer,Diabetes
